{
    "export": true,
    "name": "Demo - URarm Control Panel",
    "files": {
        "https://chrisrogers.pyscriptapps.com/talking-on-spike/latest/py/RS232.py": "",
        "https://chrisrogers.pyscriptapps.com/talking-on-a-channel/latest/py/channel.py": "",
        "https://chrisrogers.pyscriptapps.com/talking-on-file-system/latest/py/files.py": "files.py",
        "https://chrisrogers.pyscriptapps.com/talking-on-ble/latest/py/ble.py": "",
        "./myCode.py": ""
    },
    "js_modules": {
        "main": {
            "https://cdn.jsdelivr.net/npm/micro-repl@0.8.2/serial.js": "micro_repl",
            "https://chrisrogers.pyscriptapps.com/talking-on-file-system/latest/js/files.js": "Files",
            "https://chrisrogers.pyscriptapps.com/talking-on-ble/latest/js/ble_js.js": "ble_js"
        }
    }
}